"Sample","SizeFactor"
"Sample11",1.06083178895255
"Sample12",0.220477835231244
"Sample13",1.8408912512174
"Sample14",1.83176398106006
"Sample15",2.07821925265088
"Sample16",2.06181802676802
"Sample17",1.38542057150621
"Sample18",0.725708344795204
"Sample19",1.46703068918572
"Sample20",1.24041423908329
