"Sample","SizeFactor"
"Sample1",0.517761282353134
"Sample2",2.10103796937893
"Sample3",1.12776855047307
"Sample4",1.72755235078149
"Sample5",1.01045238558638
"Sample6",1.26421802390129
"Sample7",0.618561659255301
"Sample8",0.580208715660522
"Sample9",1.73392220633086
"Sample10",0.593579089753274
